{
  "accuracies": {
    "Logistic": 0.8897,
    "Naive Bayes": 0.855,
    "Bagging": 0.8884,
    "Voting": 0.886
  },
  "auc_scores": {
    "Logistic": 0.9579767233038458,
    "Naive Bayes": 0.9297167639679197,
    "Bagging": 0.9577676305826446,
    "Voting": 0.957277560766797
  },
  "precision_scores": {
    "Logistic": 0.8899693315685868,
    "Naive Bayes": 0.8550437049466313,
    "Bagging": 0.8886804916493174,
    "Voting": 0.886286454261122
  },
  "recall_scores": {
    "Logistic": 0.8897,
    "Naive Bayes": 0.855,
    "Bagging": 0.8884,
    "Voting": 0.886
  },
  "f1_scores": {
    "Logistic": 0.8896674961100769,
    "Naive Bayes": 0.8549868197423329,
    "Bagging": 0.8883659234854772,
    "Voting": 0.8859643691546709
  },
  "classification_reports": {
    "Logistic": {
      "0": {
        "precision": 0.8998756218905473,
        "recall": 0.8750251965329571,
        "f1-score": 0.8872764435360245,
        "support": 4961.0
      },
      "1": {
        "precision": 0.8802163833075735,
        "recall": 0.9041476483429252,
        "f1-score": 0.8920215369554576,
        "support": 5039.0
      },
      "accuracy": 0.8897,
      "macro avg": {
        "precision": 0.8900460025990604,
        "recall": 0.8895864224379411,
        "f1-score": 0.8896489902457411,
        "support": 10000.0
      },
      "weighted avg": {
        "precision": 0.8899693315685868,
        "recall": 0.8897,
        "f1-score": 0.8896674961100769,
        "support": 10000.0
      }
    },
    "Naive Bayes": {
      "0": {
        "precision": 0.8584847866040433,
        "recall": 0.8474097964120137,
        "f1-score": 0.8529113410428079,
        "support": 4961.0
      },
      "1": {
        "precision": 0.8516558886929257,
        "recall": 0.8624727128398492,
        "f1-score": 0.8570301715637941,
        "support": 5039.0
      },
      "accuracy": 0.855,
      "macro avg": {
        "precision": 0.8550703376484845,
        "recall": 0.8549412546259314,
        "f1-score": 0.854970756303301,
        "support": 10000.0
      },
      "weighted avg": {
        "precision": 0.8550437049466313,
        "recall": 0.855,
        "f1-score": 0.8549868197423329,
        "support": 10000.0
      }
    },
    "Bagging": {
      "0": {
        "precision": 0.8987761875129641,
        "recall": 0.8734126184237049,
        "f1-score": 0.8859129012471887,
        "support": 4961.0
      },
      "1": {
        "precision": 0.8787410697045762,
        "recall": 0.9031553879738043,
        "f1-score": 0.8907809747504404,
        "support": 5039.0
      },
      "accuracy": 0.8884,
      "macro avg": {
        "precision": 0.8887586286087701,
        "recall": 0.8882840031987547,
        "f1-score": 0.8883469379988145,
        "support": 10000.0
      },
      "weighted avg": {
        "precision": 0.8886804916493174,
        "recall": 0.8884,
        "f1-score": 0.8883659234854772,
        "support": 10000.0
      }
    },
    "Voting": {
      "0": {
        "precision": 0.8964515459638929,
        "recall": 0.8707921789961701,
        "f1-score": 0.8834355828220859,
        "support": 4961.0
      },
      "1": {
        "precision": 0.8762787106736152,
        "recall": 0.9009724151617384,
        "f1-score": 0.8884540117416829,
        "support": 5039.0
      },
      "accuracy": 0.886,
      "macro avg": {
        "precision": 0.886365128318754,
        "recall": 0.8858822970789543,
        "f1-score": 0.8859447972818844,
        "support": 10000.0
      },
      "weighted avg": {
        "precision": 0.886286454261122,
        "recall": 0.886,
        "f1-score": 0.8859643691546709,
        "support": 10000.0
      }
    }
  }
}