{
  "accuracies": {
    "Logistic": 0.8897,
    "Naive Bayes": 0.855,
    "Voting": 0.8842
  },
  "auc_scores": {
    "Logistic": 0.9579767233038458,
    "Naive Bayes": 0.9297167639679197,
    "Voting": 0.9552153553022166
  },
  "precision_scores": {
    "Logistic": 0.8899693315685868,
    "Naive Bayes": 0.8550437049466313,
    "Voting": 0.8844930500941842
  },
  "recall_scores": {
    "Logistic": 0.8897,
    "Naive Bayes": 0.855,
    "Voting": 0.8842
  },
  "f1_scores": {
    "Logistic": 0.8896674961100769,
    "Naive Bayes": 0.8549868197423329,
    "Voting": 0.8841629628025875
  },
  "classification_reports": {
    "Logistic": {
      "0": {
        "precision": 0.8998756218905473,
        "recall": 0.8750251965329571,
        "f1-score": 0.8872764435360245,
        "support": 4961.0
      },
      "1": {
        "precision": 0.8802163833075735,
        "recall": 0.9041476483429252,
        "f1-score": 0.8920215369554576,
        "support": 5039.0
      },
      "accuracy": 0.8897,
      "macro avg": {
        "precision": 0.8900460025990604,
        "recall": 0.8895864224379411,
        "f1-score": 0.8896489902457411,
        "support": 10000.0
      },
      "weighted avg": {
        "precision": 0.8899693315685868,
        "recall": 0.8897,
        "f1-score": 0.8896674961100769,
        "support": 10000.0
      }
    },
    "Naive Bayes": {
      "0": {
        "precision": 0.8584847866040433,
        "recall": 0.8474097964120137,
        "f1-score": 0.8529113410428079,
        "support": 4961.0
      },
      "1": {
        "precision": 0.8516558886929257,
        "recall": 0.8624727128398492,
        "f1-score": 0.8570301715637941,
        "support": 5039.0
      },
      "accuracy": 0.855,
      "macro avg": {
        "precision": 0.8550703376484845,
        "recall": 0.8549412546259314,
        "f1-score": 0.854970756303301,
        "support": 10000.0
      },
      "weighted avg": {
        "precision": 0.8550437049466313,
        "recall": 0.855,
        "f1-score": 0.8549868197423329,
        "support": 10000.0
      }
    },
    "Voting": {
      "0": {
        "precision": 0.8947477683205315,
        "recall": 0.8687764563596049,
        "f1-score": 0.8815708733892411,
        "support": 4961.0
      },
      "1": {
        "precision": 0.8743970673355199,
        "recall": 0.8993847985711451,
        "f1-score": 0.886714928585404,
        "support": 5039.0
      },
      "accuracy": 0.8842,
      "macro avg": {
        "precision": 0.8845724178280256,
        "recall": 0.884080627465375,
        "f1-score": 0.8841429009873225,
        "support": 10000.0
      },
      "weighted avg": {
        "precision": 0.8844930500941842,
        "recall": 0.8842,
        "f1-score": 0.8841629628025875,
        "support": 10000.0
      }
    }
  }
}